,equity_usd
2021-01-01 00:00:00+00:00,149960.1209398756
2021-01-04 00:00:00+00:00,150050.191326981
2021-01-05 00:00:00+00:00,150093.3463984802
2021-01-06 00:00:00+00:00,150128.24583247394
2021-01-07 00:00:00+00:00,150211.59317505403
2021-01-08 00:00:00+00:00,150156.85924525213
2021-01-11 00:00:00+00:00,150175.7421468793
2021-01-12 00:00:00+00:00,150181.90453794508
2021-01-13 00:00:00+00:00,150160.16114019632
2021-01-14 00:00:00+00:00,150158.6809719625
2021-01-15 00:00:00+00:00,150137.8102457654
2021-01-18 00:00:00+00:00,150133.64141101803
2021-01-19 00:00:00+00:00,150083.7273250436
2021-01-20 00:00:00+00:00,150072.93800089916
2021-01-21 00:00:00+00:00,150314.09717652318
2021-01-22 00:00:00+00:00,150295.51065160477
2021-01-25 00:00:00+00:00,150227.01767347028
2021-01-26 00:00:00+00:00,150198.18883061697
2021-01-27 00:00:00+00:00,150125.66545383292
2021-01-28 00:00:00+00:00,150062.75565116655
2021-01-29 00:00:00+00:00,150006.73294068998
2021-02-01 00:00:00+00:00,149938.1972535595
2021-02-02 00:00:00+00:00,149903.2886773443
2021-02-03 00:00:00+00:00,150072.74308484088
2021-02-04 00:00:00+00:00,150194.79672129313
2021-02-05 00:00:00+00:00,150148.67356833242
2021-02-08 00:00:00+00:00,150100.59570928433
2021-02-09 00:00:00+00:00,150159.7941205806
2021-02-10 00:00:00+00:00,150151.03439935815
2021-02-11 00:00:00+00:00,150088.19777716344
2021-02-12 00:00:00+00:00,150014.73438599237
2021-02-15 00:00:00+00:00,149978.7477190778
2021-02-16 00:00:00+00:00,149909.29408633857
2021-02-17 00:00:00+00:00,149834.3394392954
2021-02-18 00:00:00+00:00,149783.26994939573
2021-02-19 00:00:00+00:00,149719.2855980864
2021-02-22 00:00:00+00:00,149663.93579464318
2021-02-23 00:00:00+00:00,149589.10382674585
2021-02-24 00:00:00+00:00,149668.0906892937
2021-02-25 00:00:00+00:00,149690.8846617366
2021-02-26 00:00:00+00:00,149658.99154550282
2021-03-01 00:00:00+00:00,149788.8851233974
2021-03-02 00:00:00+00:00,149723.5018521707
2021-03-03 00:00:00+00:00,149904.87227515096
2021-03-04 00:00:00+00:00,150073.20832099856
2021-03-05 00:00:00+00:00,149936.9828918316
2021-03-08 00:00:00+00:00,149936.65710773593
2021-03-09 00:00:00+00:00,149899.47783723526
2021-03-10 00:00:00+00:00,149914.68090954883
2021-03-11 00:00:00+00:00,150039.2773025153
2021-03-12 00:00:00+00:00,150016.59109683667
2021-03-15 00:00:00+00:00,149943.68615650613
2021-03-16 00:00:00+00:00,149923.9160500066
2021-03-17 00:00:00+00:00,149864.86407981682
2021-03-18 00:00:00+00:00,149846.66054899263
2021-03-19 00:00:00+00:00,149823.77322456596
2021-03-22 00:00:00+00:00,149876.31991807144
2021-03-23 00:00:00+00:00,149881.1138093797
2021-03-24 00:00:00+00:00,149988.2203285069
2021-03-25 00:00:00+00:00,149941.6722601291
2021-03-26 00:00:00+00:00,149866.70142399904
2021-03-29 00:00:00+00:00,149929.29240177377
2021-03-30 00:00:00+00:00,149918.94492655937
2021-03-31 00:00:00+00:00,149843.98545409608
2021-04-01 00:00:00+00:00,149809.63390010092
2021-04-02 00:00:00+00:00,149757.9153040215
2021-04-05 00:00:00+00:00,149697.32320708214
2021-04-06 00:00:00+00:00,149711.9869142106
2021-04-07 00:00:00+00:00,149755.5342393525
2021-04-08 00:00:00+00:00,149694.7352702754
2021-04-09 00:00:00+00:00,149660.12284023396
2021-04-12 00:00:00+00:00,149697.72434677248
2021-04-13 00:00:00+00:00,150035.81987396156
2021-04-14 00:00:00+00:00,150190.1100356326
2021-04-15 00:00:00+00:00,150176.98052126318
2021-04-16 00:00:00+00:00,150109.88572852855
2021-04-19 00:00:00+00:00,150063.6800481439
2021-04-20 00:00:00+00:00,150036.6256060647
2021-04-21 00:00:00+00:00,149977.35033596584
2021-04-22 00:00:00+00:00,149945.56982946716
2021-04-23 00:00:00+00:00,149892.90087499688
2021-04-26 00:00:00+00:00,149836.73696590587
2021-04-27 00:00:00+00:00,149783.78030998382
2021-04-28 00:00:00+00:00,149758.37912589413
2021-04-29 00:00:00+00:00,149820.13875825526
2021-04-30 00:00:00+00:00,149775.16520145079
2021-05-03 00:00:00+00:00,149712.1022423922
2021-05-04 00:00:00+00:00,149688.64017648416
2021-05-05 00:00:00+00:00,149760.83666867038
2021-05-06 00:00:00+00:00,149715.01889844873
2021-05-07 00:00:00+00:00,149663.28173319934
2021-05-10 00:00:00+00:00,149776.60731523778
2021-05-11 00:00:00+00:00,149714.3077622667
2021-05-12 00:00:00+00:00,149640.05995080437
2021-05-13 00:00:00+00:00,149574.62321396195
2021-05-14 00:00:00+00:00,149635.80780838887
2021-05-17 00:00:00+00:00,149588.7773679555
2021-05-18 00:00:00+00:00,149571.96087013162
2021-05-19 00:00:00+00:00,149703.33265224312
2021-05-20 00:00:00+00:00,149718.3913430546
2021-05-21 00:00:00+00:00,149658.1463342744
2021-05-24 00:00:00+00:00,149583.31726110727
2021-05-25 00:00:00+00:00,149507.98334940645
2021-05-26 00:00:00+00:00,149538.89897566664
2021-05-27 00:00:00+00:00,149506.0706972701
2021-05-28 00:00:00+00:00,149554.80101599023
2021-05-31 00:00:00+00:00,149735.74481362206
2021-06-01 00:00:00+00:00,149690.03263623966
2021-06-02 00:00:00+00:00,149781.51437493923
2021-06-03 00:00:00+00:00,149731.60373519454
2021-06-04 00:00:00+00:00,149772.61308824577
2021-06-07 00:00:00+00:00,149774.57161530037
2021-06-08 00:00:00+00:00,149890.50253799098
2021-06-09 00:00:00+00:00,149882.27949965326
2021-06-10 00:00:00+00:00,149814.84058000494
2021-06-11 00:00:00+00:00,149764.46251413418
2021-06-14 00:00:00+00:00,149877.6102023761
2021-06-15 00:00:00+00:00,149844.3006605153
2021-06-16 00:00:00+00:00,149836.96087181583
2021-06-17 00:00:00+00:00,149802.1834913976
2021-06-18 00:00:00+00:00,149755.05136356447
2021-06-21 00:00:00+00:00,149833.78414465257
2021-06-22 00:00:00+00:00,149772.5423773881
2021-06-23 00:00:00+00:00,149710.04786599934
2021-06-24 00:00:00+00:00,149668.4469239291
2021-06-25 00:00:00+00:00,149645.3285490159
2021-06-28 00:00:00+00:00,149632.03302202985
2021-06-29 00:00:00+00:00,149557.21700551885
2021-06-30 00:00:00+00:00,149567.20311436593
2021-07-01 00:00:00+00:00,149537.18333281224
2021-07-02 00:00:00+00:00,149689.6093901829
2021-07-05 00:00:00+00:00,149684.31424072228
2021-07-06 00:00:00+00:00,149681.46533599144
2021-07-07 00:00:00+00:00,149656.50940778968
2021-07-08 00:00:00+00:00,149895.17990320732
2021-07-09 00:00:00+00:00,149894.51565411527
2021-07-12 00:00:00+00:00,149843.4958331217
2021-07-13 00:00:00+00:00,149878.63042870435
2021-07-14 00:00:00+00:00,149830.74141831795
2021-07-15 00:00:00+00:00,149766.07948690027
2021-07-16 00:00:00+00:00,149723.4928262494
2021-07-19 00:00:00+00:00,149661.38430652054
2021-07-20 00:00:00+00:00,149651.04997755535
2021-07-21 00:00:00+00:00,149596.76878117514
2021-07-22 00:00:00+00:00,149637.04124921173
2021-07-23 00:00:00+00:00,149621.78739015918
2021-07-26 00:00:00+00:00,149674.08616435074
2021-07-27 00:00:00+00:00,149689.81813223174
2021-07-28 00:00:00+00:00,149673.77095504952
2021-07-29 00:00:00+00:00,149687.44739438457
2021-07-30 00:00:00+00:00,149624.70991119763
2021-08-02 00:00:00+00:00,149607.16027687214
2021-08-03 00:00:00+00:00,149616.31575585532
2021-08-04 00:00:00+00:00,149587.36248469568
2021-08-05 00:00:00+00:00,149619.19774389116
2021-08-06 00:00:00+00:00,149607.3068200271
2021-08-09 00:00:00+00:00,149532.52031557148
2021-08-10 00:00:00+00:00,149477.53348931787
2021-08-11 00:00:00+00:00,149462.15588706182
2021-08-12 00:00:00+00:00,149437.2220916589
2021-08-13 00:00:00+00:00,149437.2220916589
2021-08-16 00:00:00+00:00,149377.23519586748
2021-08-17 00:00:00+00:00,149334.56461777157
2021-08-18 00:00:00+00:00,149381.48963097963
2021-08-19 00:00:00+00:00,149322.23931305783
2021-08-20 00:00:00+00:00,149343.1359986161
2021-08-23 00:00:00+00:00,149346.2015538411
2021-08-24 00:00:00+00:00,149289.52197132367
2021-08-25 00:00:00+00:00,149226.12580524173
2021-08-26 00:00:00+00:00,149165.3857599594
2021-08-27 00:00:00+00:00,149151.46887515692
2021-08-30 00:00:00+00:00,149139.05830772404
2021-08-31 00:00:00+00:00,149105.92306196055
2021-09-01 00:00:00+00:00,149059.92673433892
2021-09-02 00:00:00+00:00,149119.55070503266
2021-09-03 00:00:00+00:00,149054.81911119525
2021-09-06 00:00:00+00:00,149010.01310198815
2021-09-07 00:00:00+00:00,149011.82494737202
2021-09-08 00:00:00+00:00,148958.97818190212
2021-09-09 00:00:00+00:00,148932.19837181756
2021-09-10 00:00:00+00:00,149007.2602896082
2021-09-13 00:00:00+00:00,149074.9480775974
2021-09-14 00:00:00+00:00,149055.4714098486
2021-09-15 00:00:00+00:00,149071.53017515474
2021-09-16 00:00:00+00:00,149014.22668999824
2021-09-17 00:00:00+00:00,148949.13140195838
2021-09-20 00:00:00+00:00,148875.57075492764
2021-09-21 00:00:00+00:00,148896.4221989477
2021-09-22 00:00:00+00:00,148842.20521052726
2021-09-23 00:00:00+00:00,148779.79599176362
2021-09-24 00:00:00+00:00,148803.190250428
2021-09-27 00:00:00+00:00,148732.0523478555
2021-09-28 00:00:00+00:00,148698.92735312175
2021-09-29 00:00:00+00:00,148698.92735312175
2021-09-30 00:00:00+00:00,148674.42138118672
2021-10-01 00:00:00+00:00,148920.88039415824
2021-10-04 00:00:00+00:00,148900.4894301109
2021-10-05 00:00:00+00:00,148826.40197337067
2021-10-06 00:00:00+00:00,148852.4398087819
2021-10-07 00:00:00+00:00,148816.47510347533
2021-10-08 00:00:00+00:00,148928.7683292577
2021-10-11 00:00:00+00:00,148899.81158904202
2021-10-12 00:00:00+00:00,148869.68068266194
2021-10-13 00:00:00+00:00,148913.02580584146
2021-10-14 00:00:00+00:00,148878.25041086858
2021-10-15 00:00:00+00:00,148872.76008959513
2021-10-18 00:00:00+00:00,148860.3543938524
2021-10-19 00:00:00+00:00,148810.41632478614
2021-10-20 00:00:00+00:00,148799.92435006358
2021-10-21 00:00:00+00:00,149025.12569545014
2021-10-22 00:00:00+00:00,149139.88131220502
2021-10-25 00:00:00+00:00,149281.85248530467
2021-10-26 00:00:00+00:00,149213.92794665776
2021-10-27 00:00:00+00:00,149156.6021535717
2021-10-28 00:00:00+00:00,149089.61088379248
2021-10-29 00:00:00+00:00,149178.83788147097
2021-11-01 00:00:00+00:00,149137.71061349104
2021-11-02 00:00:00+00:00,149094.32278233548
2021-11-03 00:00:00+00:00,149026.18975826463
2021-11-04 00:00:00+00:00,148982.10408940568
2021-11-05 00:00:00+00:00,149115.61831960693
2021-11-08 00:00:00+00:00,149136.73466171185
2021-11-09 00:00:00+00:00,149115.46466414758
2021-11-10 00:00:00+00:00,149118.84672017943
2021-11-11 00:00:00+00:00,149117.07983729272
2021-11-12 00:00:00+00:00,149043.14375390386
2021-11-15 00:00:00+00:00,149021.1008397026
2021-11-16 00:00:00+00:00,149073.83159202783
2021-11-17 00:00:00+00:00,149127.68730272102
2021-11-18 00:00:00+00:00,149059.2489901572
2021-11-19 00:00:00+00:00,149293.356574295
2021-11-22 00:00:00+00:00,149222.31377711642
2021-11-23 00:00:00+00:00,149179.37357033917
2021-11-24 00:00:00+00:00,149104.78388355402
2021-11-25 00:00:00+00:00,149087.0590594659
2021-11-26 00:00:00+00:00,149075.9550730323
2021-11-29 00:00:00+00:00,149204.68196562174
2021-11-30 00:00:00+00:00,149335.43032235155
2021-12-01 00:00:00+00:00,149294.96024234252
2021-12-02 00:00:00+00:00,149276.45946777827
2021-12-03 00:00:00+00:00,149252.08015989017
2021-12-06 00:00:00+00:00,149478.19861755028
2021-12-07 00:00:00+00:00,149403.87431510625
2021-12-08 00:00:00+00:00,149341.04966338552
2021-12-09 00:00:00+00:00,149351.33016809126
2021-12-10 00:00:00+00:00,149331.47031145915
2021-12-13 00:00:00+00:00,149330.27085621672
2021-12-14 00:00:00+00:00,149331.14049477602
2021-12-15 00:00:00+00:00,149379.7617278267
2021-12-16 00:00:00+00:00,149329.9318369048
2021-12-17 00:00:00+00:00,149268.21901882283
2021-12-20 00:00:00+00:00,149196.40061189895
2021-12-21 00:00:00+00:00,149222.48146485732
2021-12-22 00:00:00+00:00,149148.93993981014
2021-12-23 00:00:00+00:00,149139.12359814148
2021-12-24 00:00:00+00:00,149202.6706365102
2021-12-27 00:00:00+00:00,149167.04079233864
2021-12-28 00:00:00+00:00,149131.06717545638
2021-12-29 00:00:00+00:00,149062.1156834216
2021-12-30 00:00:00+00:00,149015.96965212104
2021-12-31 00:00:00+00:00,149357.3907884176
2022-01-03 00:00:00+00:00,149300.46811078556
2022-01-04 00:00:00+00:00,149252.0414566558
2022-01-05 00:00:00+00:00,149204.245110806
2022-01-06 00:00:00+00:00,149301.10923523945
2022-01-07 00:00:00+00:00,149592.41400501598
2022-01-10 00:00:00+00:00,149585.46472853425
2022-01-11 00:00:00+00:00,149633.6731377677
2022-01-12 00:00:00+00:00,149654.5663744169
2022-01-13 00:00:00+00:00,149657.293463821
2022-01-14 00:00:00+00:00,149707.39706872014
2022-01-17 00:00:00+00:00,149658.89830369878
2022-01-18 00:00:00+00:00,149761.7781697193
2022-01-19 00:00:00+00:00,149695.1346659822
2022-01-20 00:00:00+00:00,149664.13807823058
2022-01-21 00:00:00+00:00,149635.28193145676
2022-01-24 00:00:00+00:00,149560.46429049104
2022-01-25 00:00:00+00:00,149563.40529557734
2022-01-26 00:00:00+00:00,149608.6622222546
2022-01-27 00:00:00+00:00,149643.2335761485
2022-01-28 00:00:00+00:00,149710.06897600263
2022-01-31 00:00:00+00:00,149696.8295823287
2022-02-01 00:00:00+00:00,149870.02228598535
2022-02-02 00:00:00+00:00,149863.95841640802
2022-02-03 00:00:00+00:00,149794.6342609414
2022-02-04 00:00:00+00:00,149735.91970127393
2022-02-07 00:00:00+00:00,149772.9068869805
2022-02-08 00:00:00+00:00,149912.26148176842
2022-02-09 00:00:00+00:00,149844.29603084814
2022-02-10 00:00:00+00:00,149982.5878286053
2022-02-11 00:00:00+00:00,149955.8563037811
2022-02-14 00:00:00+00:00,149897.43898679604
2022-02-15 00:00:00+00:00,149966.9844543827
2022-02-16 00:00:00+00:00,149938.32707950388
2022-02-17 00:00:00+00:00,149888.04400776725
2022-02-18 00:00:00+00:00,149887.84423863637
2022-02-21 00:00:00+00:00,149828.7045916255
2022-02-22 00:00:00+00:00,149905.29552290725
2022-02-23 00:00:00+00:00,150056.25346338563
2022-02-24 00:00:00+00:00,150137.20160721013
2022-02-25 00:00:00+00:00,150154.81596759282
2022-02-28 00:00:00+00:00,150155.7090540609
2022-03-01 00:00:00+00:00,150115.91122579612
2022-03-02 00:00:00+00:00,150061.85521820482
2022-03-03 00:00:00+00:00,149995.86690891866
2022-03-04 00:00:00+00:00,150029.0468264824
2022-03-07 00:00:00+00:00,149956.38274656917
2022-03-08 00:00:00+00:00,150021.1202769542
2022-03-09 00:00:00+00:00,150008.4290575004
2022-03-10 00:00:00+00:00,150038.07962188974
2022-03-11 00:00:00+00:00,150028.1488879907
2022-03-14 00:00:00+00:00,149974.10103204421
2022-03-15 00:00:00+00:00,149907.60248347718
2022-03-16 00:00:00+00:00,149917.0355017242
2022-03-17 00:00:00+00:00,149850.04993274895
2022-03-18 00:00:00+00:00,149794.61333602061
2022-03-21 00:00:00+00:00,149799.8312002109
2022-03-22 00:00:00+00:00,149757.09242233812
2022-03-23 00:00:00+00:00,149700.82257483635
2022-03-24 00:00:00+00:00,149633.0309837485
2022-03-25 00:00:00+00:00,149667.9994150572
2022-03-28 00:00:00+00:00,149663.24940041333
2022-03-29 00:00:00+00:00,149646.7807739168
2022-03-30 00:00:00+00:00,149622.22740922344
2022-03-31 00:00:00+00:00,149572.15848405083
2022-04-01 00:00:00+00:00,149655.9444180035
2022-04-04 00:00:00+00:00,149702.89300488945
2022-04-05 00:00:00+00:00,149795.95371925735
2022-04-06 00:00:00+00:00,149729.17089064076
2022-04-07 00:00:00+00:00,149673.41416526996
2022-04-08 00:00:00+00:00,149599.05763589204
2022-04-11 00:00:00+00:00,149527.86204459026
2022-04-12 00:00:00+00:00,149536.8068818013
2022-04-13 00:00:00+00:00,149492.7029527618
2022-04-14 00:00:00+00:00,149486.0945090998
2022-04-15 00:00:00+00:00,149416.7821896733
2022-04-18 00:00:00+00:00,149388.06443888496
2022-04-19 00:00:00+00:00,149361.67434383516
2022-04-20 00:00:00+00:00,149344.30380851342
2022-04-21 00:00:00+00:00,149408.56852924603
2022-04-22 00:00:00+00:00,149456.3083996425
2022-04-25 00:00:00+00:00,149532.62445450167
2022-04-26 00:00:00+00:00,149480.30890024442
2022-04-27 00:00:00+00:00,149605.50030711794
2022-04-28 00:00:00+00:00,149615.32001351338
2022-04-29 00:00:00+00:00,149563.22267067965
2022-05-02 00:00:00+00:00,149542.72385482007
2022-05-03 00:00:00+00:00,149476.9498755632
2022-05-04 00:00:00+00:00,149660.14711987338
2022-05-05 00:00:00+00:00,149633.3374339749
2022-05-06 00:00:00+00:00,149788.81464671172
2022-05-09 00:00:00+00:00,149783.55923872223
2022-05-10 00:00:00+00:00,149764.1452485151
2022-05-11 00:00:00+00:00,149730.97358298942
2022-05-12 00:00:00+00:00,149783.67319836002
2022-05-13 00:00:00+00:00,149762.29888452817
2022-05-16 00:00:00+00:00,149691.51659362795
2022-05-17 00:00:00+00:00,149633.0098362846
2022-05-18 00:00:00+00:00,149586.39510197396
2022-05-19 00:00:00+00:00,149541.33436172502
2022-05-20 00:00:00+00:00,149566.48057197308
2022-05-23 00:00:00+00:00,149499.2646979036
2022-05-24 00:00:00+00:00,149443.5616181328
2022-05-25 00:00:00+00:00,149376.65376976124
2022-05-26 00:00:00+00:00,149330.82487726456
2022-05-27 00:00:00+00:00,149346.151869363
2022-05-30 00:00:00+00:00,149277.78402280822
2022-05-31 00:00:00+00:00,149270.14056457617
2022-06-01 00:00:00+00:00,149251.6271546593
2022-06-02 00:00:00+00:00,149262.52082276894
2022-06-03 00:00:00+00:00,149227.6003901232
2022-06-06 00:00:00+00:00,149171.23219527735
2022-06-07 00:00:00+00:00,149190.10672171254
2022-06-08 00:00:00+00:00,149134.25346482926
2022-06-09 00:00:00+00:00,149167.29886366124
2022-06-10 00:00:00+00:00,149178.04992630542
2022-06-13 00:00:00+00:00,149345.1312300963
2022-06-14 00:00:00+00:00,149372.66782954798
2022-06-15 00:00:00+00:00,149321.29537079023
2022-06-16 00:00:00+00:00,149291.58516463687
2022-06-17 00:00:00+00:00,149217.45136837603
2022-06-20 00:00:00+00:00,149179.53103889027
2022-06-21 00:00:00+00:00,149137.08220808386
2022-06-22 00:00:00+00:00,149062.72724906984
2022-06-23 00:00:00+00:00,149023.10085818157
2022-06-24 00:00:00+00:00,148980.0496437422
2022-06-27 00:00:00+00:00,149066.94271191506
2022-06-28 00:00:00+00:00,149215.0111200825
2022-06-29 00:00:00+00:00,149152.1877842569
2022-06-30 00:00:00+00:00,149112.28928504465
2022-07-01 00:00:00+00:00,149056.64023566025
2022-07-04 00:00:00+00:00,149334.65129549033
2022-07-05 00:00:00+00:00,149620.91108396425
2022-07-06 00:00:00+00:00,149653.16518385115
2022-07-07 00:00:00+00:00,149732.25089557268
2022-07-08 00:00:00+00:00,149692.08446629066
2022-07-11 00:00:00+00:00,149736.38407428973
2022-07-12 00:00:00+00:00,149799.25083708897
2022-07-13 00:00:00+00:00,149948.56470678712
2022-07-14 00:00:00+00:00,149883.16595628628
2022-07-15 00:00:00+00:00,149831.28811414976
2022-07-18 00:00:00+00:00,149784.36418904597
2022-07-19 00:00:00+00:00,149754.41418246893
2022-07-20 00:00:00+00:00,149705.83889441658
2022-07-21 00:00:00+00:00,149732.2106494585
2022-07-22 00:00:00+00:00,149717.01196085173
2022-07-25 00:00:00+00:00,149679.41217180816
2022-07-26 00:00:00+00:00,149637.28226413063
2022-07-27 00:00:00+00:00,149691.48633003706
2022-07-28 00:00:00+00:00,149731.42372390648
2022-07-29 00:00:00+00:00,149706.5081644023
2022-08-01 00:00:00+00:00,149656.228764792
2022-08-02 00:00:00+00:00,149673.32503768773
2022-08-03 00:00:00+00:00,149612.9175295293
2022-08-04 00:00:00+00:00,149550.9520307036
2022-08-05 00:00:00+00:00,149564.4818686129
2022-08-08 00:00:00+00:00,149738.9878031003
2022-08-09 00:00:00+00:00,149694.1490380134
2022-08-10 00:00:00+00:00,149739.34463388886
2022-08-11 00:00:00+00:00,149739.6383482476
2022-08-12 00:00:00+00:00,149772.19288925637
2022-08-15 00:00:00+00:00,149701.31203047142
2022-08-16 00:00:00+00:00,149677.9358288441
2022-08-17 00:00:00+00:00,149966.2530004987
2022-08-18 00:00:00+00:00,149904.12411324322
2022-08-19 00:00:00+00:00,149930.6200560734
2022-08-22 00:00:00+00:00,150135.6928046719
2022-08-23 00:00:00+00:00,150164.39622252158
2022-08-24 00:00:00+00:00,150151.21369709593
2022-08-25 00:00:00+00:00,150125.28709601783
2022-08-26 00:00:00+00:00,150089.5904494565
2022-08-29 00:00:00+00:00,150026.69922560648
2022-08-30 00:00:00+00:00,150060.6223722015
2022-08-31 00:00:00+00:00,149998.9375692193
2022-09-01 00:00:00+00:00,150034.6218864996
2022-09-02 00:00:00+00:00,149977.6136183515
2022-09-05 00:00:00+00:00,149916.80516128006
2022-09-06 00:00:00+00:00,149944.51123080778
2022-09-07 00:00:00+00:00,149898.33049550015
2022-09-08 00:00:00+00:00,149954.37862282025
2022-09-09 00:00:00+00:00,149897.8147405481
2022-09-12 00:00:00+00:00,149906.69348740147
2022-09-13 00:00:00+00:00,149888.23286791245
2022-09-14 00:00:00+00:00,149884.99561108783
2022-09-15 00:00:00+00:00,149822.33841182836
2022-09-16 00:00:00+00:00,149852.0252059445
2022-09-19 00:00:00+00:00,149798.69712057448
2022-09-20 00:00:00+00:00,149866.6331848586
2022-09-21 00:00:00+00:00,149832.62420534805
2022-09-22 00:00:00+00:00,150079.22936398082
2022-09-23 00:00:00+00:00,150227.09950597928
2022-09-26 00:00:00+00:00,150158.97105364085
2022-09-27 00:00:00+00:00,150148.32974922977
2022-09-28 00:00:00+00:00,150123.26423100688
2022-09-29 00:00:00+00:00,150056.50568309834
2022-09-30 00:00:00+00:00,150093.58282631845
2022-10-03 00:00:00+00:00,150044.65119002954
2022-10-04 00:00:00+00:00,150182.5759788562
2022-10-05 00:00:00+00:00,150253.66735467353
2022-10-06 00:00:00+00:00,150241.29701536574
2022-10-07 00:00:00+00:00,150267.09887959238
2022-10-10 00:00:00+00:00,150196.90593607922
2022-10-11 00:00:00+00:00,150146.12245632528
2022-10-12 00:00:00+00:00,150098.5414774239
2022-10-13 00:00:00+00:00,150394.78113094225
2022-10-14 00:00:00+00:00,150479.17031911475
2022-10-17 00:00:00+00:00,150596.27003894243
2022-10-18 00:00:00+00:00,150543.64712725
2022-10-19 00:00:00+00:00,150468.73517278084
2022-10-20 00:00:00+00:00,150505.6684077778
2022-10-21 00:00:00+00:00,150532.58667209162
2022-10-24 00:00:00+00:00,150482.81605132483
2022-10-25 00:00:00+00:00,150473.6189186832
2022-10-26 00:00:00+00:00,150513.90696870876
2022-10-27 00:00:00+00:00,150571.68732673558
2022-10-28 00:00:00+00:00,150665.90056824303
2022-10-31 00:00:00+00:00,150808.9843548412
2022-11-01 00:00:00+00:00,150756.43943653992
2022-11-02 00:00:00+00:00,150746.1652759263
2022-11-03 00:00:00+00:00,150841.01241067317
2022-11-04 00:00:00+00:00,150788.97136190033
2022-11-07 00:00:00+00:00,150743.67955661713
2022-11-08 00:00:00+00:00,150711.85674028884
2022-11-09 00:00:00+00:00,150731.47717015498
2022-11-10 00:00:00+00:00,150803.19751139247
2022-11-11 00:00:00+00:00,150773.00255558238
2022-11-14 00:00:00+00:00,150733.34994425406
2022-11-15 00:00:00+00:00,150699.7189786654
2022-11-16 00:00:00+00:00,150736.1180543159
2022-11-17 00:00:00+00:00,150671.35875281238
2022-11-18 00:00:00+00:00,150635.95148080873
2022-11-21 00:00:00+00:00,150563.6621832629
2022-11-22 00:00:00+00:00,150526.8457418416
2022-11-23 00:00:00+00:00,150541.97451748795
2022-11-24 00:00:00+00:00,150552.31848785517
2022-11-25 00:00:00+00:00,150495.96773817952
2022-11-28 00:00:00+00:00,150453.52533907842
2022-11-29 00:00:00+00:00,150404.76216952124
2022-11-30 00:00:00+00:00,150338.8933290341
2022-12-01 00:00:00+00:00,150282.87734270812
2022-12-02 00:00:00+00:00,150326.73063961946
2022-12-05 00:00:00+00:00,150270.02408373833
2022-12-06 00:00:00+00:00,150214.75501069738
2022-12-07 00:00:00+00:00,150182.98690235917
2022-12-08 00:00:00+00:00,150117.69925038476
2022-12-09 00:00:00+00:00,150051.83384007117
2022-12-12 00:00:00+00:00,149979.0800842688
2022-12-13 00:00:00+00:00,150183.97089683605
2022-12-14 00:00:00+00:00,150160.3297331296
2022-12-15 00:00:00+00:00,150147.32343280595
2022-12-16 00:00:00+00:00,150314.9647097294
2022-12-19 00:00:00+00:00,150274.81638607074
2022-12-20 00:00:00+00:00,150209.37783665227
2022-12-21 00:00:00+00:00,150150.1307976652
2022-12-22 00:00:00+00:00,150108.12516685855
2022-12-23 00:00:00+00:00,150063.65990897335
2022-12-26 00:00:00+00:00,150089.6023742107
2022-12-27 00:00:00+00:00,150121.70005757068
2022-12-28 00:00:00+00:00,150163.83298846087
2022-12-29 00:00:00+00:00,150103.73653979125
2022-12-30 00:00:00+00:00,150058.7635750154
2023-01-02 00:00:00+00:00,149993.60024275476
2023-01-03 00:00:00+00:00,149954.78268097114
2023-01-04 00:00:00+00:00,149912.66172918596
2023-01-05 00:00:00+00:00,149850.71462813785
2023-01-06 00:00:00+00:00,149784.1277521771
2023-01-09 00:00:00+00:00,149782.76550548707
2023-01-10 00:00:00+00:00,149711.59429728476
2023-01-11 00:00:00+00:00,149799.669538048
2023-01-12 00:00:00+00:00,149763.00242404552
2023-01-13 00:00:00+00:00,149844.43597411862
2023-01-16 00:00:00+00:00,150037.83806751767
2023-01-17 00:00:00+00:00,150014.05711758192
2023-01-18 00:00:00+00:00,149944.92859797375
2023-01-19 00:00:00+00:00,149871.4955347343
2023-01-20 00:00:00+00:00,149825.09731767315
2023-01-23 00:00:00+00:00,149880.7614139882
2023-01-24 00:00:00+00:00,149941.68703447614
2023-01-25 00:00:00+00:00,149956.36481801316
2023-01-26 00:00:00+00:00,149899.491476291
2023-01-27 00:00:00+00:00,149825.86656035454
2023-01-30 00:00:00+00:00,149996.99145721685
2023-01-31 00:00:00+00:00,149926.79506165374
2023-02-01 00:00:00+00:00,149940.3682426181
2023-02-02 00:00:00+00:00,149881.50142131187
2023-02-03 00:00:00+00:00,149886.43227005357
2023-02-06 00:00:00+00:00,149845.54226032962
2023-02-07 00:00:00+00:00,149787.1568896117
2023-02-08 00:00:00+00:00,149712.33421074643
2023-02-09 00:00:00+00:00,149680.33777376084
2023-02-10 00:00:00+00:00,149605.9822900443
2023-02-13 00:00:00+00:00,149749.46571748878
2023-02-14 00:00:00+00:00,149722.89879731988
2023-02-15 00:00:00+00:00,149654.0606829303
2023-02-16 00:00:00+00:00,149607.4768859399
2023-02-17 00:00:00+00:00,149593.24843631798
2023-02-20 00:00:00+00:00,149537.78931295726
2023-02-21 00:00:00+00:00,149539.59212383043
2023-02-22 00:00:00+00:00,149531.03553881642
2023-02-23 00:00:00+00:00,149495.6144949088
2023-02-24 00:00:00+00:00,149428.7734133781
2023-02-27 00:00:00+00:00,149405.0545781843
2023-02-28 00:00:00+00:00,149338.5905430142
2023-03-01 00:00:00+00:00,149413.297550051
2023-03-02 00:00:00+00:00,149348.57380003913
2023-03-03 00:00:00+00:00,149327.80044012153
2023-03-06 00:00:00+00:00,149273.22914315423
2023-03-07 00:00:00+00:00,149338.41894838776
2023-03-08 00:00:00+00:00,149275.0515253071
2023-03-09 00:00:00+00:00,149295.95672402522
2023-03-10 00:00:00+00:00,149226.0844886008
2023-03-13 00:00:00+00:00,149174.28157711952
2023-03-14 00:00:00+00:00,149112.53603650583
2023-03-15 00:00:00+00:00,149040.1519560223
2023-03-16 00:00:00+00:00,149077.23187069182
2023-03-17 00:00:00+00:00,149071.25552604455
2023-03-20 00:00:00+00:00,149035.7437871627
2023-03-21 00:00:00+00:00,149052.74225513404
2023-03-22 00:00:00+00:00,149015.38614392048
2023-03-23 00:00:00+00:00,148976.11722790622
2023-03-24 00:00:00+00:00,148976.11722790622
2023-03-27 00:00:00+00:00,149006.81273867894
2023-03-28 00:00:00+00:00,149155.89549465934
2023-03-29 00:00:00+00:00,149357.37603918035
2023-03-30 00:00:00+00:00,149348.16955468446
2023-03-31 00:00:00+00:00,149453.6587266426
2023-04-03 00:00:00+00:00,149714.88099747256
2023-04-04 00:00:00+00:00,149666.7015454651
2023-04-05 00:00:00+00:00,149613.2954616081
2023-04-06 00:00:00+00:00,149546.46139091713
2023-04-07 00:00:00+00:00,149543.00949410224
2023-04-10 00:00:00+00:00,149505.23145879444
2023-04-11 00:00:00+00:00,149466.63306998496
2023-04-12 00:00:00+00:00,149448.5843743528
2023-04-13 00:00:00+00:00,149375.70908641562
2023-04-14 00:00:00+00:00,149364.96052661404
2023-04-17 00:00:00+00:00,149551.14698838396
2023-04-18 00:00:00+00:00,149851.00357530115
2023-04-19 00:00:00+00:00,150074.41670920586
2023-04-20 00:00:00+00:00,150086.73747636052
2023-04-21 00:00:00+00:00,150116.54619015608
2023-04-24 00:00:00+00:00,150105.29636461195
2023-04-25 00:00:00+00:00,150114.4431058308
2023-04-26 00:00:00+00:00,150052.68665647326
2023-04-27 00:00:00+00:00,149981.37676189083
2023-04-28 00:00:00+00:00,149909.42980620547
2023-05-01 00:00:00+00:00,149895.2240018758
2023-05-02 00:00:00+00:00,149889.5323717324
2023-05-03 00:00:00+00:00,149828.10734875125
2023-05-04 00:00:00+00:00,149808.80734661635
2023-05-05 00:00:00+00:00,149739.30983954758
2023-05-08 00:00:00+00:00,149820.72615922245
2023-05-09 00:00:00+00:00,149791.88794697807
2023-05-10 00:00:00+00:00,149774.06825211388
2023-05-11 00:00:00+00:00,149719.20630835567
2023-05-12 00:00:00+00:00,149685.0324160601
2023-05-15 00:00:00+00:00,149710.5807371375
2023-05-16 00:00:00+00:00,149728.35973226177
2023-05-17 00:00:00+00:00,149668.29320610425
2023-05-18 00:00:00+00:00,149705.5812076667
2023-05-19 00:00:00+00:00,149642.8155696511
2023-05-22 00:00:00+00:00,149584.31689464443
2023-05-23 00:00:00+00:00,149549.64869046086
2023-05-24 00:00:00+00:00,149536.82931706103
2023-05-25 00:00:00+00:00,149515.2428399144
2023-05-26 00:00:00+00:00,149500.5337715584
2023-05-29 00:00:00+00:00,149552.3022486575
2023-05-30 00:00:00+00:00,149593.2896870713
2023-05-31 00:00:00+00:00,149528.05549117216
2023-06-01 00:00:00+00:00,149461.06435279144
2023-06-02 00:00:00+00:00,149398.5919690879
2023-06-05 00:00:00+00:00,149391.58781624
2023-06-06 00:00:00+00:00,149318.2060480845
2023-06-07 00:00:00+00:00,149277.90470359364
2023-06-08 00:00:00+00:00,149219.55982700942
2023-06-09 00:00:00+00:00,149165.7347407025
2023-06-12 00:00:00+00:00,149121.15236224502
2023-06-13 00:00:00+00:00,149137.01042986347
2023-06-14 00:00:00+00:00,149067.32854526423
2023-06-15 00:00:00+00:00,149012.93507052644
2023-06-16 00:00:00+00:00,148999.50411205346
2023-06-19 00:00:00+00:00,148947.1987639575
2023-06-20 00:00:00+00:00,148879.31527446886
2023-06-21 00:00:00+00:00,148965.51595147006
2023-06-22 00:00:00+00:00,148891.03319349434
2023-06-23 00:00:00+00:00,148851.35376106447
2023-06-26 00:00:00+00:00,148822.7120051285
2023-06-27 00:00:00+00:00,148936.45178245212
2023-06-28 00:00:00+00:00,148956.51808614936
2023-06-29 00:00:00+00:00,149132.25446630927
2023-06-30 00:00:00+00:00,149147.57556042317
2023-07-03 00:00:00+00:00,149119.01763663653
2023-07-04 00:00:00+00:00,149100.43553079735
2023-07-05 00:00:00+00:00,149085.70680737094
2023-07-06 00:00:00+00:00,149287.6978064899
2023-07-07 00:00:00+00:00,149297.10640325863
2023-07-10 00:00:00+00:00,149391.30438307495
2023-07-11 00:00:00+00:00,149435.35279687704
2023-07-12 00:00:00+00:00,149389.82437658706
2023-07-13 00:00:00+00:00,149431.62404257874
2023-07-14 00:00:00+00:00,149455.9652656706
2023-07-17 00:00:00+00:00,149405.4383241464
2023-07-18 00:00:00+00:00,149365.58423344218
2023-07-19 00:00:00+00:00,149357.03554317122
2023-07-20 00:00:00+00:00,149391.21913626976
2023-07-21 00:00:00+00:00,149403.52309868785
2023-07-24 00:00:00+00:00,149712.80821827572
2023-07-25 00:00:00+00:00,149706.9536436652
2023-07-26 00:00:00+00:00,149694.04566793644
2023-07-27 00:00:00+00:00,149679.4749675039
2023-07-28 00:00:00+00:00,149635.34765492866
2023-07-31 00:00:00+00:00,149677.37898315248
2023-08-01 00:00:00+00:00,149683.441667718
2023-08-02 00:00:00+00:00,149704.19400146144
2023-08-03 00:00:00+00:00,149668.53585582515
2023-08-04 00:00:00+00:00,149620.90887372635
2023-08-07 00:00:00+00:00,149641.6601694283
2023-08-08 00:00:00+00:00,149592.8837199122
2023-08-09 00:00:00+00:00,149729.27172813003
2023-08-10 00:00:00+00:00,149740.65120625668
2023-08-11 00:00:00+00:00,149751.68092505267
2023-08-14 00:00:00+00:00,149716.71883885798
2023-08-15 00:00:00+00:00,149667.11497557533
2023-08-16 00:00:00+00:00,149602.83649282018
2023-08-17 00:00:00+00:00,149739.39853643905
2023-08-18 00:00:00+00:00,149695.39235143526
2023-08-21 00:00:00+00:00,149706.9272550154
2023-08-22 00:00:00+00:00,149645.4644854806
2023-08-23 00:00:00+00:00,149700.2337113443
2023-08-24 00:00:00+00:00,149646.5693403163
2023-08-25 00:00:00+00:00,149675.48155469436
2023-08-28 00:00:00+00:00,149636.3619728563
2023-08-29 00:00:00+00:00,149609.30313831766
2023-08-30 00:00:00+00:00,149564.12089610804
2023-08-31 00:00:00+00:00,149651.86427245478
2023-09-01 00:00:00+00:00,149590.0738356553
2023-09-04 00:00:00+00:00,149526.20788530033
2023-09-05 00:00:00+00:00,149507.90599244763
2023-09-06 00:00:00+00:00,149593.83067665933
2023-09-07 00:00:00+00:00,149591.7290234737
2023-09-08 00:00:00+00:00,149534.78768818013
2023-09-11 00:00:00+00:00,149600.5783616169
2023-09-12 00:00:00+00:00,149559.1663893917
2023-09-13 00:00:00+00:00,149550.51617947954
2023-09-14 00:00:00+00:00,149645.19738191718
2023-09-15 00:00:00+00:00,149583.70886125142
2023-09-18 00:00:00+00:00,149647.0094293663
2023-09-19 00:00:00+00:00,149926.9212880399
2023-09-20 00:00:00+00:00,149919.66346216566
2023-09-21 00:00:00+00:00,150063.29971609273
2023-09-22 00:00:00+00:00,150003.82074248669
2023-09-25 00:00:00+00:00,149965.17052747775
2023-09-26 00:00:00+00:00,150007.37376313342
2023-09-27 00:00:00+00:00,149943.35071618037
2023-09-28 00:00:00+00:00,149946.4646582856
2023-09-29 00:00:00+00:00,149963.6962987378
2023-10-02 00:00:00+00:00,150062.7606884918
2023-10-03 00:00:00+00:00,150089.74847861417
2023-10-04 00:00:00+00:00,150136.82262369464
2023-10-05 00:00:00+00:00,150093.79933767286
2023-10-06 00:00:00+00:00,150172.34013938374
2023-10-09 00:00:00+00:00,150328.8816617119
2023-10-10 00:00:00+00:00,150295.66150862104
2023-10-11 00:00:00+00:00,150239.40411626565
2023-10-12 00:00:00+00:00,150266.3976845463
2023-10-13 00:00:00+00:00,150237.69825714044
2023-10-16 00:00:00+00:00,150166.22323288344
2023-10-17 00:00:00+00:00,150238.80046274074
2023-10-18 00:00:00+00:00,150365.57752617254
2023-10-19 00:00:00+00:00,150307.6302266375
2023-10-20 00:00:00+00:00,150288.96121998582
2023-10-23 00:00:00+00:00,150333.7768832934
2023-10-24 00:00:00+00:00,150266.46407096792
2023-10-25 00:00:00+00:00,150199.44609807467
2023-10-26 00:00:00+00:00,150187.04944055752
2023-10-27 00:00:00+00:00,150190.89192831787
2023-10-30 00:00:00+00:00,150294.16601859088
2023-10-31 00:00:00+00:00,150244.54649287154
2023-11-01 00:00:00+00:00,150204.687770092
2023-11-02 00:00:00+00:00,150179.49440175248
2023-11-03 00:00:00+00:00,150156.73655394634
2023-11-06 00:00:00+00:00,150233.777567093
2023-11-07 00:00:00+00:00,150172.45281547235
2023-11-08 00:00:00+00:00,150107.27453375093
2023-11-09 00:00:00+00:00,150162.52628700924
2023-11-10 00:00:00+00:00,150129.86264048933
2023-11-13 00:00:00+00:00,150178.05636403002
2023-11-14 00:00:00+00:00,150115.19375807294
2023-11-15 00:00:00+00:00,150161.77391036873
2023-11-16 00:00:00+00:00,150186.51469743004
2023-11-17 00:00:00+00:00,150130.75721092283
2023-11-20 00:00:00+00:00,150089.47709205508
2023-11-21 00:00:00+00:00,150055.0587225733
2023-11-22 00:00:00+00:00,149998.55127222935
2023-11-23 00:00:00+00:00,150037.63676540187
2023-11-24 00:00:00+00:00,150130.35997372284
2023-11-27 00:00:00+00:00,150106.0999763416
2023-11-28 00:00:00+00:00,150054.3530521217
2023-11-29 00:00:00+00:00,150062.99826140274
2023-11-30 00:00:00+00:00,150072.8023527072
2023-12-01 00:00:00+00:00,150187.56805109553
2023-12-04 00:00:00+00:00,150204.49456158455
2023-12-05 00:00:00+00:00,150131.12189648143
2023-12-06 00:00:00+00:00,150252.6550895432
2023-12-07 00:00:00+00:00,150267.76533132576
2023-12-08 00:00:00+00:00,150205.27533965305
2023-12-11 00:00:00+00:00,150171.4504069393
2023-12-12 00:00:00+00:00,150108.93343326476
2023-12-13 00:00:00+00:00,150052.05729864002
2023-12-14 00:00:00+00:00,150005.32921854258
2023-12-15 00:00:00+00:00,150043.16134861796
2023-12-18 00:00:00+00:00,149994.36511627666
2023-12-19 00:00:00+00:00,149942.42379821467
2023-12-20 00:00:00+00:00,149878.22876453266
2023-12-21 00:00:00+00:00,149832.89199397597
2023-12-22 00:00:00+00:00,149806.70708899345
2023-12-25 00:00:00+00:00,149735.29614798908
2023-12-26 00:00:00+00:00,149853.78064550235
2023-12-27 00:00:00+00:00,150038.10414655172
2023-12-28 00:00:00+00:00,150009.0614685939
2023-12-29 00:00:00+00:00,150086.33347084557
2024-01-01 00:00:00+00:00,150186.29096893716
2024-01-02 00:00:00+00:00,150180.02645463415
2024-01-03 00:00:00+00:00,150212.75194341977
2024-01-04 00:00:00+00:00,150157.71985392357
2024-01-05 00:00:00+00:00,150236.54243160237
2024-01-08 00:00:00+00:00,150171.84956599254
2024-01-09 00:00:00+00:00,150201.92690992053
2024-01-10 00:00:00+00:00,150262.8021180927
2024-01-11 00:00:00+00:00,150507.6175819042
2024-01-12 00:00:00+00:00,150468.7185641765
2024-01-15 00:00:00+00:00,150397.3546470986
2024-01-16 00:00:00+00:00,150449.57031070328
2024-01-17 00:00:00+00:00,150393.97263633562
2024-01-18 00:00:00+00:00,150321.57876213032
2024-01-19 00:00:00+00:00,150292.81035157232
2024-01-22 00:00:00+00:00,150297.16262551735
2024-01-23 00:00:00+00:00,150349.71636163202
2024-01-24 00:00:00+00:00,150301.8350297936
2024-01-25 00:00:00+00:00,150242.52866694485
2024-01-26 00:00:00+00:00,150316.67046401303
2024-01-29 00:00:00+00:00,150251.45713590074
2024-01-30 00:00:00+00:00,150213.80772511387
2024-01-31 00:00:00+00:00,150139.8059515523
2024-02-01 00:00:00+00:00,150079.57030846245
2024-02-02 00:00:00+00:00,150055.31186435017
2024-02-05 00:00:00+00:00,149986.87704599905
2024-02-06 00:00:00+00:00,149984.86532998423
2024-02-07 00:00:00+00:00,149919.53276172266
2024-02-08 00:00:00+00:00,149958.66681344205
2024-02-09 00:00:00+00:00,149988.65686390942
2024-02-12 00:00:00+00:00,150054.17068398482
2024-02-13 00:00:00+00:00,150023.17146908303
2024-02-14 00:00:00+00:00,150399.490709367
2024-02-15 00:00:00+00:00,150473.8829208708
2024-02-16 00:00:00+00:00,150402.01054050622
2024-02-19 00:00:00+00:00,150394.0710477112
2024-02-20 00:00:00+00:00,150388.84364814512
2024-02-21 00:00:00+00:00,150320.29067020328
2024-02-22 00:00:00+00:00,150253.11415974805
2024-02-23 00:00:00+00:00,150195.40774009557
2024-02-26 00:00:00+00:00,150233.56531646632
2024-02-27 00:00:00+00:00,150211.78880494632
2024-02-28 00:00:00+00:00,150218.66446701818
2024-02-29 00:00:00+00:00,150149.92824318356
2024-03-01 00:00:00+00:00,150091.31782187926
2024-03-04 00:00:00+00:00,150296.3803766328
2024-03-05 00:00:00+00:00,150354.21378714533
2024-03-06 00:00:00+00:00,150477.2235108053
2024-03-07 00:00:00+00:00,150525.35444164486
2024-03-08 00:00:00+00:00,150475.87578110193
2024-03-11 00:00:00+00:00,150476.61657372443
2024-03-12 00:00:00+00:00,150533.6564970824
2024-03-13 00:00:00+00:00,150554.66205200335
2024-03-14 00:00:00+00:00,150491.06908122054
2024-03-15 00:00:00+00:00,150530.61425826565
2024-03-18 00:00:00+00:00,150637.0098482341
2024-03-19 00:00:00+00:00,150594.01430355755
2024-03-20 00:00:00+00:00,150541.6332686723
2024-03-21 00:00:00+00:00,150541.38953630306
2024-03-22 00:00:00+00:00,150471.69675818845
2024-03-25 00:00:00+00:00,150405.60896714634
2024-03-26 00:00:00+00:00,150361.09506876813
2024-03-27 00:00:00+00:00,150336.22200996295
2024-03-28 00:00:00+00:00,150361.42123687515
2024-03-29 00:00:00+00:00,150293.6415000299
2024-04-01 00:00:00+00:00,150243.16408686372
2024-04-02 00:00:00+00:00,150272.03915889273
2024-04-03 00:00:00+00:00,150221.09762358482
2024-04-04 00:00:00+00:00,150295.33012292098
2024-04-05 00:00:00+00:00,150234.00457336276
2024-04-08 00:00:00+00:00,150517.5829401578
2024-04-09 00:00:00+00:00,150538.31750515464
2024-04-10 00:00:00+00:00,150470.67494978345
2024-04-11 00:00:00+00:00,150496.1095752518
2024-04-12 00:00:00+00:00,150467.7614956834
2024-04-15 00:00:00+00:00,150397.966798679
2024-04-16 00:00:00+00:00,150452.37827325743
2024-04-17 00:00:00+00:00,150487.43863084738
2024-04-18 00:00:00+00:00,150430.8123192759
2024-04-19 00:00:00+00:00,150368.22800993465
2024-04-22 00:00:00+00:00,150316.87641256503
2024-04-23 00:00:00+00:00,150318.93492673888
2024-04-24 00:00:00+00:00,150264.40852903549
2024-04-25 00:00:00+00:00,150277.8376502144
2024-04-26 00:00:00+00:00,150232.59230451164
2024-04-29 00:00:00+00:00,150247.18708321924
2024-04-30 00:00:00+00:00,150540.9725114952
2024-05-01 00:00:00+00:00,150800.1966097701
2024-05-02 00:00:00+00:00,150782.06173433163
2024-05-03 00:00:00+00:00,150750.37037330883
2024-05-06 00:00:00+00:00,150686.3158703588
2024-05-07 00:00:00+00:00,150782.77245785305
2024-05-08 00:00:00+00:00,150744.30049404758
2024-05-09 00:00:00+00:00,150767.33854863566
2024-05-10 00:00:00+00:00,150715.04313196716
2024-05-13 00:00:00+00:00,150981.42389143645
2024-05-14 00:00:00+00:00,150986.5147025717
2024-05-15 00:00:00+00:00,150982.63688288006
2024-05-16 00:00:00+00:00,151012.53830783
2024-05-17 00:00:00+00:00,151017.3918582993
2024-05-20 00:00:00+00:00,151043.240904155
2024-05-21 00:00:00+00:00,151022.1871309183
2024-05-22 00:00:00+00:00,150989.27680158694
2024-05-23 00:00:00+00:00,151005.04101391695
2024-05-24 00:00:00+00:00,150935.68784468918
2024-05-27 00:00:00+00:00,150871.56115982358
2024-05-28 00:00:00+00:00,150844.60677604293
2024-05-29 00:00:00+00:00,150959.37942493093
2024-05-30 00:00:00+00:00,151017.6783082956
2024-05-31 00:00:00+00:00,150947.23584821972
2024-06-03 00:00:00+00:00,150897.16613689228
2024-06-04 00:00:00+00:00,150855.0007475964
2024-06-05 00:00:00+00:00,150828.17124402002
2024-06-06 00:00:00+00:00,150853.35496502594
2024-06-07 00:00:00+00:00,150802.14965891733
2024-06-10 00:00:00+00:00,150759.6201870891
2024-06-11 00:00:00+00:00,150689.10618123814
2024-06-12 00:00:00+00:00,150620.22530531924
2024-06-13 00:00:00+00:00,150584.2108598131
2024-06-14 00:00:00+00:00,150555.10418841886
2024-06-17 00:00:00+00:00,150511.79909057822
2024-06-18 00:00:00+00:00,150467.71874066722
2024-06-19 00:00:00+00:00,150405.38473572064
2024-06-20 00:00:00+00:00,150407.50228220085
2024-06-21 00:00:00+00:00,150334.9057112058
2024-06-24 00:00:00+00:00,150270.52375080044
2024-06-25 00:00:00+00:00,150211.89436839218
2024-06-26 00:00:00+00:00,150170.40595132837
2024-06-27 00:00:00+00:00,150250.11979465507
2024-06-28 00:00:00+00:00,150255.72428111962
2024-07-01 00:00:00+00:00,150354.53870272601
2024-07-02 00:00:00+00:00,150379.2862907468
2024-07-03 00:00:00+00:00,150466.01628394538
2024-07-04 00:00:00+00:00,150501.77727576823
2024-07-05 00:00:00+00:00,150431.1870659285
2024-07-08 00:00:00+00:00,150903.63546474153
2024-07-09 00:00:00+00:00,150919.04650028268
2024-07-10 00:00:00+00:00,151031.91467474028
2024-07-11 00:00:00+00:00,151036.0713243644
2024-07-12 00:00:00+00:00,151048.71534460856
2024-07-15 00:00:00+00:00,150976.56046114725
2024-07-16 00:00:00+00:00,150901.07218091667
2024-07-17 00:00:00+00:00,150974.71024431186
2024-07-18 00:00:00+00:00,150991.4543673895
2024-07-19 00:00:00+00:00,151092.86093519643
2024-07-22 00:00:00+00:00,151071.40329676546
2024-07-23 00:00:00+00:00,151037.58059282266
2024-07-24 00:00:00+00:00,151100.91374035124
2024-07-25 00:00:00+00:00,151030.28111921556
2024-07-26 00:00:00+00:00,151030.77585807568
2024-07-29 00:00:00+00:00,150993.47906736453
2024-07-30 00:00:00+00:00,150968.85995087863
2024-07-31 00:00:00+00:00,150902.77847596054
2024-08-01 00:00:00+00:00,150885.25189576892
2024-08-02 00:00:00+00:00,150841.15605635027
2024-08-05 00:00:00+00:00,150765.7354783221
2024-08-06 00:00:00+00:00,150711.4435342562
2024-08-07 00:00:00+00:00,150675.3498247196
2024-08-08 00:00:00+00:00,150621.61296439354
2024-08-09 00:00:00+00:00,150573.78268160173
2024-08-12 00:00:00+00:00,150623.34497743283
2024-08-13 00:00:00+00:00,150639.6088032796
2024-08-14 00:00:00+00:00,150674.7268677672
2024-08-15 00:00:00+00:00,150648.15603214587
2024-08-16 00:00:00+00:00,150593.1041497639
2024-08-19 00:00:00+00:00,150539.6235177997
2024-08-20 00:00:00+00:00,150596.7904321688
2024-08-21 00:00:00+00:00,150570.48088621107
2024-08-22 00:00:00+00:00,150566.62951704752
2024-08-23 00:00:00+00:00,150512.71312075507
2024-08-26 00:00:00+00:00,150443.05582274206
2024-08-27 00:00:00+00:00,150381.79306686707
2024-08-28 00:00:00+00:00,150461.80317839308
2024-08-29 00:00:00+00:00,150418.3414093738
2024-08-30 00:00:00+00:00,150396.2991548232
2024-09-02 00:00:00+00:00,150402.18613218423
2024-09-03 00:00:00+00:00,150362.76291509042
2024-09-04 00:00:00+00:00,150388.63816623267
2024-09-05 00:00:00+00:00,150335.0591553238
2024-09-06 00:00:00+00:00,150526.63628542874
2024-09-09 00:00:00+00:00,150619.56818364613
2024-09-10 00:00:00+00:00,150669.72176824376
2024-09-11 00:00:00+00:00,150649.00594644668
2024-09-12 00:00:00+00:00,150648.64126651836
2024-09-13 00:00:00+00:00,150684.11095386028
2024-09-16 00:00:00+00:00,150706.49906898823
2024-09-17 00:00:00+00:00,150856.52162354812
2024-09-18 00:00:00+00:00,150794.23399224022
2024-09-19 00:00:00+00:00,150865.32991513045
2024-09-20 00:00:00+00:00,150919.23850047428
2024-09-23 00:00:00+00:00,150897.08164625775
2024-09-24 00:00:00+00:00,150953.5020255722
2024-09-25 00:00:00+00:00,150947.29326300853
2024-09-26 00:00:00+00:00,151094.2881890757
2024-09-27 00:00:00+00:00,151126.17180611167
2024-09-30 00:00:00+00:00,151052.0176906711
2024-10-01 00:00:00+00:00,150984.40990798135
2024-10-02 00:00:00+00:00,150945.96225595646
2024-10-03 00:00:00+00:00,150871.92209410315
2024-10-04 00:00:00+00:00,150804.38777218378
2024-10-07 00:00:00+00:00,150936.78254471582
2024-10-08 00:00:00+00:00,150908.63356276214
2024-10-09 00:00:00+00:00,150985.58777298388
2024-10-10 00:00:00+00:00,151008.75471340292
2024-10-11 00:00:00+00:00,150963.4635023426
2024-10-14 00:00:00+00:00,151036.562221222
2024-10-15 00:00:00+00:00,151015.79144441293
2024-10-16 00:00:00+00:00,150982.22008848633
2024-10-17 00:00:00+00:00,150910.51567364362
2024-10-18 00:00:00+00:00,150916.54242675536
2024-10-21 00:00:00+00:00,150955.61071776698
2024-10-22 00:00:00+00:00,151066.0014202474
2024-10-23 00:00:00+00:00,151036.57115358167
2024-10-24 00:00:00+00:00,151055.06679202997
2024-10-25 00:00:00+00:00,151057.06353602928
2024-10-28 00:00:00+00:00,151005.93205535147
2024-10-29 00:00:00+00:00,151032.15101781592
2024-10-30 00:00:00+00:00,150989.85359599694
2024-10-31 00:00:00+00:00,150937.66909457458
2024-11-01 00:00:00+00:00,151022.1978033287
2024-11-04 00:00:00+00:00,150979.2602059498
2024-11-05 00:00:00+00:00,150930.91252125616
2024-11-06 00:00:00+00:00,150870.11741604278
2024-11-07 00:00:00+00:00,150799.55756426277
2024-11-08 00:00:00+00:00,150800.02626885084
2024-11-11 00:00:00+00:00,150942.8151982619
2024-11-12 00:00:00+00:00,150906.82490520834
2024-11-13 00:00:00+00:00,150864.43593195133
2024-11-14 00:00:00+00:00,150886.71438294157
2024-11-15 00:00:00+00:00,150849.17014111322
2024-11-18 00:00:00+00:00,150799.6537271576
2024-11-19 00:00:00+00:00,150757.17465002745
2024-11-20 00:00:00+00:00,150814.75469867446
2024-11-21 00:00:00+00:00,150768.6101643926
2024-11-22 00:00:00+00:00,150806.77173800924
2024-11-25 00:00:00+00:00,150827.1191706914
2024-11-26 00:00:00+00:00,150925.37119508928
2024-11-27 00:00:00+00:00,150881.66730193587
2024-11-28 00:00:00+00:00,150826.5108264975
2024-11-29 00:00:00+00:00,150997.09166894102
2024-12-02 00:00:00+00:00,151060.04843183677
2024-12-03 00:00:00+00:00,151248.2613951523
2024-12-04 00:00:00+00:00,151211.30221166
2024-12-05 00:00:00+00:00,151224.0106194835
2024-12-06 00:00:00+00:00,151212.59281280512
2024-12-09 00:00:00+00:00,151248.17512151386
2024-12-10 00:00:00+00:00,151280.36892997148
2024-12-11 00:00:00+00:00,151319.10500200538
2024-12-12 00:00:00+00:00,151247.34374725405
2024-12-13 00:00:00+00:00,151256.75316201814
2024-12-16 00:00:00+00:00,151368.49859439707
2024-12-17 00:00:00+00:00,151350.27581509328
2024-12-18 00:00:00+00:00,151283.46541559027
2024-12-19 00:00:00+00:00,151339.05552277964
2024-12-20 00:00:00+00:00,151674.21496487648
2024-12-23 00:00:00+00:00,151622.3542003637
2024-12-24 00:00:00+00:00,151598.32350761187
2024-12-25 00:00:00+00:00,151528.35370192028
2024-12-26 00:00:00+00:00,151777.47601012725
2024-12-27 00:00:00+00:00,151755.3348012317
2024-12-30 00:00:00+00:00,151711.11677335945
2024-12-31 00:00:00+00:00,151934.34804880322
2025-01-01 00:00:00+00:00,151984.27194805696
2025-01-02 00:00:00+00:00,152083.9224617826
2025-01-03 00:00:00+00:00,152036.41420878228
2025-01-06 00:00:00+00:00,151983.58494725206
2025-01-07 00:00:00+00:00,152121.82711295452
2025-01-08 00:00:00+00:00,152096.08687093796
2025-01-09 00:00:00+00:00,152091.2634961598
2025-01-10 00:00:00+00:00,152099.8416533948
2025-01-13 00:00:00+00:00,152158.05634417257
2025-01-14 00:00:00+00:00,152174.93307447387
2025-01-15 00:00:00+00:00,152200.99993624727
2025-01-16 00:00:00+00:00,152125.4575169098
2025-01-17 00:00:00+00:00,152107.39533506273
2025-01-20 00:00:00+00:00,152156.79582828635
2025-01-21 00:00:00+00:00,152089.49861849993
2025-01-22 00:00:00+00:00,152063.24309706854
2025-01-23 00:00:00+00:00,152139.10821082283
2025-01-24 00:00:00+00:00,152153.90730262853
2025-01-27 00:00:00+00:00,152103.18736080523
2025-01-28 00:00:00+00:00,152060.0847631252
2025-01-29 00:00:00+00:00,152014.82413629224
2025-01-30 00:00:00+00:00,151965.65611110316
2025-01-31 00:00:00+00:00,151900.93626120692
2025-02-03 00:00:00+00:00,151858.05720984712
2025-02-04 00:00:00+00:00,151814.42550066102
2025-02-05 00:00:00+00:00,151746.80277662695
2025-02-06 00:00:00+00:00,151686.8328518393
2025-02-07 00:00:00+00:00,151616.04485487303
2025-02-10 00:00:00+00:00,151613.61945062602
2025-02-11 00:00:00+00:00,151794.43498051088
2025-02-12 00:00:00+00:00,151762.8978848905
2025-02-13 00:00:00+00:00,151726.76080962902
2025-02-14 00:00:00+00:00,151717.25379947483
2025-02-17 00:00:00+00:00,151773.0275970346
2025-02-18 00:00:00+00:00,151736.64746691874
2025-02-19 00:00:00+00:00,151795.95445950172
2025-02-20 00:00:00+00:00,151720.43125225167
2025-02-21 00:00:00+00:00,151647.9710381408
2025-02-24 00:00:00+00:00,151572.14705262173
2025-02-25 00:00:00+00:00,151633.5509357223
2025-02-26 00:00:00+00:00,151602.57784218897
2025-02-27 00:00:00+00:00,151575.31174704526
2025-02-28 00:00:00+00:00,151579.72317756037
2025-03-03 00:00:00+00:00,151504.41133673728
2025-03-04 00:00:00+00:00,151446.82909120168
2025-03-05 00:00:00+00:00,151566.36206580172
2025-03-06 00:00:00+00:00,151598.98842266545
2025-03-07 00:00:00+00:00,151547.04765716617
2025-03-10 00:00:00+00:00,151637.03521599734
2025-03-11 00:00:00+00:00,151732.52549392608
2025-03-12 00:00:00+00:00,151711.87131309637
2025-03-13 00:00:00+00:00,151768.8673240451
2025-03-14 00:00:00+00:00,151940.6407028548
2025-03-17 00:00:00+00:00,151867.55998695016
2025-03-18 00:00:00+00:00,151823.0464526168
2025-03-19 00:00:00+00:00,151826.51023475663
2025-03-20 00:00:00+00:00,151754.57472056375
2025-03-21 00:00:00+00:00,151734.1290053294
2025-03-24 00:00:00+00:00,151797.06121168338
2025-03-25 00:00:00+00:00,151883.64788425883
2025-03-26 00:00:00+00:00,151914.7417663552
2025-03-27 00:00:00+00:00,151866.28702143268
2025-03-28 00:00:00+00:00,151854.99324929717
2025-03-31 00:00:00+00:00,151790.08136196894
2025-04-01 00:00:00+00:00,151897.8904198522
2025-04-02 00:00:00+00:00,152016.09237781676
2025-04-03 00:00:00+00:00,151941.68491085287
2025-04-04 00:00:00+00:00,152118.60422499885
2025-04-07 00:00:00+00:00,152052.1345874274
2025-04-08 00:00:00+00:00,151987.53935309986
2025-04-09 00:00:00+00:00,151991.59480072008
2025-04-10 00:00:00+00:00,152016.8251677694
2025-04-11 00:00:00+00:00,151963.43609385833
2025-04-14 00:00:00+00:00,151912.97643269008
2025-04-15 00:00:00+00:00,151894.20352213143
2025-04-16 00:00:00+00:00,151821.39224294477
2025-04-17 00:00:00+00:00,151777.83767328228
2025-04-18 00:00:00+00:00,151779.43095283495
2025-04-21 00:00:00+00:00,151709.9671279252
2025-04-22 00:00:00+00:00,151703.37621519444
2025-04-23 00:00:00+00:00,151638.4484747567
2025-04-24 00:00:00+00:00,151667.7723606378
2025-04-25 00:00:00+00:00,151815.10480744325
2025-04-28 00:00:00+00:00,151774.080723176
2025-04-29 00:00:00+00:00,151774.1389203243
2025-04-30 00:00:00+00:00,151737.5628608879
2025-05-01 00:00:00+00:00,151662.6911922175
2025-05-02 00:00:00+00:00,151620.3106783688
2025-05-05 00:00:00+00:00,151552.71553338776
2025-05-06 00:00:00+00:00,151499.37423504444
2025-05-07 00:00:00+00:00,151507.07120796066
2025-05-08 00:00:00+00:00,151561.04101280938
2025-05-09 00:00:00+00:00,151646.65139420386
2025-05-12 00:00:00+00:00,151775.30612649454
2025-05-13 00:00:00+00:00,151888.1946894128
2025-05-14 00:00:00+00:00,151927.6508311677
2025-05-15 00:00:00+00:00,151913.53943873147
2025-05-16 00:00:00+00:00,151948.9604158542
2025-05-19 00:00:00+00:00,151966.64141497624
2025-05-20 00:00:00+00:00,151967.64435914435
2025-05-21 00:00:00+00:00,152064.5777802129
2025-05-22 00:00:00+00:00,151990.80144505505
2025-05-23 00:00:00+00:00,152005.19490345224
2025-05-26 00:00:00+00:00,151967.47452440351
2025-05-27 00:00:00+00:00,152090.04960773693
2025-05-28 00:00:00+00:00,152047.359419064
2025-05-29 00:00:00+00:00,152104.64721861208
2025-05-30 00:00:00+00:00,152144.9559178665
2025-06-02 00:00:00+00:00,152165.54106895992
2025-06-03 00:00:00+00:00,152139.42426854398
2025-06-04 00:00:00+00:00,152152.9277659027
2025-06-05 00:00:00+00:00,152261.99586375087
2025-06-06 00:00:00+00:00,152346.6596950941
2025-06-09 00:00:00+00:00,152601.60118133549
2025-06-10 00:00:00+00:00,152558.0445840569
2025-06-11 00:00:00+00:00,152490.95276879217
2025-06-12 00:00:00+00:00,152537.84366600052
2025-06-13 00:00:00+00:00,152565.26071292802
2025-06-16 00:00:00+00:00,152560.06862677148
2025-06-17 00:00:00+00:00,152730.2313403991
2025-06-18 00:00:00+00:00,152675.12278038939
2025-06-19 00:00:00+00:00,152631.55441732574
2025-06-20 00:00:00+00:00,152811.77885018557
2025-06-23 00:00:00+00:00,152746.199251154
2025-06-24 00:00:00+00:00,152785.5873477038
2025-06-25 00:00:00+00:00,152949.47287319045
2025-06-26 00:00:00+00:00,152924.25245942804
2025-06-27 00:00:00+00:00,152897.6470740186
2025-06-30 00:00:00+00:00,152838.10362773642
2025-07-01 00:00:00+00:00,152798.27492047666
2025-07-02 00:00:00+00:00,152842.6472912769
2025-07-03 00:00:00+00:00,152779.049387924
2025-07-04 00:00:00+00:00,152718.82351379973
2025-07-07 00:00:00+00:00,152747.76880782712
2025-07-08 00:00:00+00:00,152787.5861596437
2025-07-09 00:00:00+00:00,152838.82740512505
2025-07-10 00:00:00+00:00,152779.70537191504
2025-07-11 00:00:00+00:00,152720.68348967316
2025-07-14 00:00:00+00:00,152740.67229195897
2025-07-15 00:00:00+00:00,152672.94997787126
2025-07-16 00:00:00+00:00,152728.98969507325
2025-07-17 00:00:00+00:00,152715.15628088763
2025-07-18 00:00:00+00:00,152852.4713953885
2025-07-21 00:00:00+00:00,152831.82711681566
2025-07-22 00:00:00+00:00,152852.25796739568
2025-07-23 00:00:00+00:00,152840.1554024733
2025-07-24 00:00:00+00:00,152799.79429002843
2025-07-25 00:00:00+00:00,152757.4997844683
2025-07-28 00:00:00+00:00,152804.47936617947
2025-07-29 00:00:00+00:00,152805.78601885602
2025-07-30 00:00:00+00:00,152749.43196211752
2025-07-31 00:00:00+00:00,152698.38477087318
2025-08-01 00:00:00+00:00,152748.0461448642
2025-08-04 00:00:00+00:00,152711.16720015646
2025-08-05 00:00:00+00:00,152685.66684231538
2025-08-06 00:00:00+00:00,152622.69403226045
2025-08-07 00:00:00+00:00,152818.28706713326
2025-08-08 00:00:00+00:00,152769.3440942811
2025-08-11 00:00:00+00:00,152788.06556188888
2025-08-12 00:00:00+00:00,152726.81786936626
2025-08-13 00:00:00+00:00,152823.3972858932
2025-08-14 00:00:00+00:00,152761.79670603934
2025-08-15 00:00:00+00:00,152731.16877545678
2025-08-18 00:00:00+00:00,152655.64838490504
2025-08-19 00:00:00+00:00,152620.96952480255
2025-08-20 00:00:00+00:00,152582.604273262
2025-08-21 00:00:00+00:00,152520.24001637296
2025-08-22 00:00:00+00:00,152453.3129229724
2025-08-25 00:00:00+00:00,152481.4877689244
2025-08-26 00:00:00+00:00,152423.8486565824
2025-08-27 00:00:00+00:00,152441.34687775883
2025-08-28 00:00:00+00:00,152375.29798471805
2025-08-29 00:00:00+00:00,152510.76777587485
2025-09-01 00:00:00+00:00,152686.1957802113
2025-09-02 00:00:00+00:00,152647.24534439982
2025-09-03 00:00:00+00:00,152577.07050392192
2025-09-04 00:00:00+00:00,152575.06052355093
2025-09-05 00:00:00+00:00,152646.62070876092
2025-09-08 00:00:00+00:00,152845.2834015713
2025-09-09 00:00:00+00:00,152787.31727968086
2025-09-10 00:00:00+00:00,152832.39935186852
2025-09-11 00:00:00+00:00,152796.298340938
2025-09-12 00:00:00+00:00,152788.75374699206
2025-09-15 00:00:00+00:00,152930.79395773725
2025-09-16 00:00:00+00:00,152866.86536771816
2025-09-17 00:00:00+00:00,153065.14003949467
2025-09-18 00:00:00+00:00,152998.95724158897
2025-09-19 00:00:00+00:00,152952.6635606282
2025-09-22 00:00:00+00:00,152939.39347413433
2025-09-23 00:00:00+00:00,152890.17641958423
2025-09-24 00:00:00+00:00,153024.63605126663
2025-09-25 00:00:00+00:00,152957.10493244568
2025-09-26 00:00:00+00:00,152936.058549282
2025-09-29 00:00:00+00:00,152868.27010442386
2025-09-30 00:00:00+00:00,152950.58001439236
2025-10-01 00:00:00+00:00,153148.08974548627
2025-10-02 00:00:00+00:00,153215.4929726598
2025-10-03 00:00:00+00:00,153205.11281595667
2025-10-06 00:00:00+00:00,153193.42425097188
2025-10-07 00:00:00+00:00,153175.86516623746
2025-10-08 00:00:00+00:00,153270.0591244559
2025-10-09 00:00:00+00:00,153287.54207605374
2025-10-10 00:00:00+00:00,153262.7061344962
2025-10-13 00:00:00+00:00,153209.31925892734
2025-10-14 00:00:00+00:00,153141.2909469153
2025-10-15 00:00:00+00:00,153194.92953988217
2025-10-16 00:00:00+00:00,153126.12642217413
2025-10-17 00:00:00+00:00,153356.10196282263
2025-10-20 00:00:00+00:00,153320.99407390793
2025-10-21 00:00:00+00:00,153256.7538452
2025-10-22 00:00:00+00:00,153227.75843205547
2025-10-23 00:00:00+00:00,153226.6953346974
2025-10-24 00:00:00+00:00,153154.79610482746
2025-10-27 00:00:00+00:00,153167.71165267532
2025-10-28 00:00:00+00:00,153321.6206805815
2025-10-29 00:00:00+00:00,153251.19922253408
2025-10-30 00:00:00+00:00,153666.41021749188
2025-10-31 00:00:00+00:00,153596.9532871928
2025-11-03 00:00:00+00:00,153589.3033073646
2025-11-04 00:00:00+00:00,153594.60105496287
2025-11-05 00:00:00+00:00,153582.08866475098
2025-11-06 00:00:00+00:00,153553.07911704175
2025-11-07 00:00:00+00:00,153482.32367655652
2025-11-10 00:00:00+00:00,153407.68581352197
2025-11-11 00:00:00+00:00,153367.20661960074
2025-11-12 00:00:00+00:00,153523.4995497804
2025-11-13 00:00:00+00:00,153452.7024941239
2025-11-14 00:00:00+00:00,153388.07581159167
2025-11-17 00:00:00+00:00,153334.85232500243
2025-11-18 00:00:00+00:00,153366.0406238193
2025-11-19 00:00:00+00:00,153380.677901848
2025-11-20 00:00:00+00:00,153407.2500648135
2025-11-21 00:00:00+00:00,153361.51660622918
2025-11-24 00:00:00+00:00,153471.06888084096
2025-11-25 00:00:00+00:00,153505.78885346864
2025-11-26 00:00:00+00:00,153610.86073334722
2025-11-27 00:00:00+00:00,153608.52153991
2025-11-28 00:00:00+00:00,153664.5032971275
2025-12-01 00:00:00+00:00,153651.55736721194
2025-12-02 00:00:00+00:00,153678.3694505495
2025-12-03 00:00:00+00:00,153632.7934641976
2025-12-04 00:00:00+00:00,153586.66797332853
2025-12-05 00:00:00+00:00,153717.60724182986
2025-12-08 00:00:00+00:00,153729.34712482555
2025-12-09 00:00:00+00:00,153664.59520441684
2025-12-10 00:00:00+00:00,153671.9925687277
2025-12-11 00:00:00+00:00,153615.09565335463
2025-12-12 00:00:00+00:00,153573.7539581433
2025-12-15 00:00:00+00:00,153526.1271719898
2025-12-16 00:00:00+00:00,153642.69934238915
2025-12-17 00:00:00+00:00,153638.77006112266
2025-12-18 00:00:00+00:00,153835.72023521803
2025-12-19 00:00:00+00:00,153802.43523201096
2025-12-22 00:00:00+00:00,153847.73280797485
2025-12-23 00:00:00+00:00,153817.15860680604
2025-12-24 00:00:00+00:00,153773.42871627028
2025-12-25 00:00:00+00:00,153701.05743000394
2025-12-26 00:00:00+00:00,153669.90901554291
2025-12-29 00:00:00+00:00,153891.2784312018
2025-12-30 00:00:00+00:00,153924.0874896034
2025-12-31 00:00:00+00:00,153944.58659588223
